"priority","area","file","line","key","current_ja","issue","suggested_direction","translate_or_keep","user_instruction"
"P0","Glossary","overall","","Client / クライアント","Client と クライアントが混在","主要用語の揺れ","Clientを英語で残すか、クライアントに統一する。UIラベルはクライアントの方が自然。","decide",""
"P0","Glossary","overall","","Tenant / テナント","Tenant と テナントが混在","主要用語の揺れ","Tenantを英語で残すか、テナントに統一する。日本語UIではテナント推奨。","decide",""
"P0","Glossary","overall","","Policy / ポリシー","Policy と ポリシーが混在","主要用語の揺れ","一般UIはポリシーに統一。Policy Rulesなど画面名だけ英語維持するか判断。","decide",""
"P0","Glossary","overall","","Profile / プロファイル","Profile と プロファイルが混在","主要用語の揺れ","一般UIはプロファイルに統一。Identity Mappingのsource/destination profileだけ残すなら明文化。","decide",""
"P0","Glossary","overall","","Job / ジョブ","Job と ジョブが混在","主要用語の揺れ","Jobs画面はジョブに統一すると自然。Job Typeなど技術分類は要判断。","decide",""
"P0","Glossary","overall","","Source / Destination","Source/Destination と source/destination が混在","主要用語の揺れ","Identity MappingではSource/Destinationを正式用語として残すか、ソース/宛先に寄せるか決める。","decide",""
"P0","Glossary","overall","","Release","Release / release / リリースが混在","主要用語の揺れ","Identity Mappingのattribute release文脈ではリリースまたは属性リリースに統一。","decide",""
"P0","Glossary","overall","","Review / Draft / Active","Review, draft, active が混在","状態語の揺れ","レビュー、下書き、有効に寄せる。ただしAPI状態値の表示なら残す。","decide",""
"P0","Glossary","overall","","Import / Export","import/export と インポート/エクスポートが混在","操作語の揺れ","UI操作はインポート/エクスポートに統一。ログ値やAPI値は残す。","decide",""
"P0","Glossary","overall","","Preview","Preview と プレビューが混在","操作語の揺れ","UIラベルはプレビューに統一。","translate",""
"P1","Operational Logs","packages/ar-admin-ui/src/i18n/ja/admin-operational-logs.ts","2","admin_operational_logs_head_title","Operational Logs - Admin Dashboard - Authrim","英語UIのまま","運用ログ - Authrim Admin などに変更。","translate",""
"P1","Operational Logs","packages/ar-admin-ui/src/i18n/ja/admin-operational-logs.ts","3","admin_operational_logs_title","Operational Logs","英語UIのまま","運用ログ。","translate",""
"P1","Operational Logs","packages/ar-admin-ui/src/i18n/ja/admin-operational-logs.ts","5","admin_operational_logs_description","Immutable audit logsとは別に保存される、短期保持のreason detail recordを表示します。","英日混在が強い","監査ログとは別に短期保持される理由詳細レコードを表示します。","translate",""
"P1","Operational Logs","packages/ar-admin-ui/src/i18n/ja/admin-operational-logs.ts","7","admin_operational_logs_subject_type","Subject Type","英語UIのまま","主体種別、またはSubject typeを正式用語として残す。","decide",""
"P1","Operational Logs","packages/ar-admin-ui/src/i18n/ja/admin-operational-logs.ts","9","admin_operational_logs_subject_user","User","英語UIのまま","ユーザー。","translate",""
"P1","Operational Logs","packages/ar-admin-ui/src/i18n/ja/admin-operational-logs.ts","10","admin_operational_logs_subject_client","Client","英語UIのまま","クライアント。","translate",""
"P1","Operational Logs","packages/ar-admin-ui/src/i18n/ja/admin-operational-logs.ts","13","admin_operational_logs_action","Action","英語UIのまま","操作。","translate",""
"P1","Operational Logs","packages/ar-admin-ui/src/i18n/ja/admin-operational-logs.ts","15","admin_operational_logs_entries","Entries","英語UIのまま","エントリ。","translate",""
"P1","Operational Logs","packages/ar-admin-ui/src/i18n/ja/admin-operational-logs.ts","17","admin_operational_logs_loading","Operational logsを読み込み中...","英日混在","運用ログを読み込み中...。","translate",""
"P1","Operational Logs","packages/ar-admin-ui/src/i18n/ja/admin-operational-logs.ts","18","admin_operational_logs_empty","現在のfilterに一致するoperational logはありません。","英日混在","現在のフィルターに一致する運用ログはありません。","translate",""
"P1","Operational Logs","packages/ar-admin-ui/src/i18n/ja/admin-operational-logs.ts","23","admin_operational_logs_view_detail","Detailを表示","英日混在","詳細を表示。","translate",""
"P1","Operational Logs","packages/ar-admin-ui/src/i18n/ja/admin-operational-logs.ts","24","admin_operational_logs_detail_title","Operational Log Detail","英語UIのまま","運用ログ詳細。","translate",""
"P1","Operational Logs","packages/ar-admin-ui/src/i18n/ja/admin-operational-logs.ts","27","admin_operational_logs_reason_detail","Reason Detail","英語UIのまま","理由詳細。","translate",""
"P1","Jobs","packages/ar-admin-ui/src/i18n/ja/admin-jobs.ts","2","admin_jobs_page_title","Jobs - Admin Dashboard - Authrim","英語UIのまま","ジョブ - Authrim Admin。","translate",""
"P1","Jobs","packages/ar-admin-ui/src/i18n/ja/admin-jobs.ts","3","admin_jobs_title","Jobs","英語UIのまま","ジョブ。","translate",""
"P1","Jobs","packages/ar-admin-ui/src/i18n/ja/admin-jobs.ts","5","admin_jobs_description","ユーザーimport、tenant database request、一括更新、report jobなどのqueued operational workを監視します。実行中のjobは自動更新されます。","英日混在が強い","ユーザーインポート、テナントDBリクエスト、一括更新、レポートジョブなど、キューに入った運用作業を監視します。","translate",""
"P1","Jobs","packages/ar-admin-ui/src/i18n/ja/admin-jobs.ts","7","admin_jobs_create_report_job","Report Jobを作成","英日混在","レポートジョブを作成。","translate",""
"P1","Jobs","packages/ar-admin-ui/src/i18n/ja/admin-jobs.ts","8","admin_jobs_total_jobs","Total jobs","英語UIのまま","合計ジョブ数。","translate",""
"P1","Jobs","packages/ar-admin-ui/src/i18n/ja/admin-jobs.ts","9","admin_jobs_active","Active","英語UIのまま","実行中 または 有効。文脈で判断。","decide",""
"P1","Jobs","packages/ar-admin-ui/src/i18n/ja/admin-jobs.ts","10","admin_jobs_completed","Completed","英語UIのまま","完了。","translate",""
"P1","Jobs","packages/ar-admin-ui/src/i18n/ja/admin-jobs.ts","12","admin_jobs_creatable_types_title","作成可能なJob Types","英日混在","作成可能なジョブ種別。","translate",""
"P1","Jobs","packages/ar-admin-ui/src/i18n/ja/admin-jobs.ts","14","admin_jobs_queue_title","Job Queue","英語UIのまま","ジョブキュー。","translate",""
"P1","Jobs","packages/ar-admin-ui/src/i18n/ja/admin-jobs.ts","18","admin_jobs_status","Status","英語UIのまま","状態。","translate",""
"P1","Jobs","packages/ar-admin-ui/src/i18n/ja/admin-jobs.ts","21","admin_jobs_loading_jobs","Jobsを読み込み中...","英日混在","ジョブを読み込み中...。","translate",""
"P1","Jobs","packages/ar-admin-ui/src/i18n/ja/admin-jobs.ts","24","admin_jobs_empty_hint","import、tenant database request、report jobを作成するとwork trackingを開始できます。","英日混在が強い","インポート、テナントDBリクエスト、レポートジョブを作成すると作業追跡を開始できます。","translate",""
"P1","Jobs","packages/ar-admin-ui/src/i18n/ja/admin-jobs.ts","26","admin_jobs_duration","Duration","英語UIのまま","所要時間。","translate",""
"P1","Jobs","packages/ar-admin-ui/src/i18n/ja/admin-jobs.ts","27","admin_jobs_created","Created","英語UIのまま","作成日時。","translate",""
"P1","Jobs","packages/ar-admin-ui/src/i18n/ja/admin-jobs.ts","28","admin_jobs_actions","Actions","英語UIのまま","操作。","translate",""
"P1","Jobs","packages/ar-admin-ui/src/i18n/ja/admin-jobs.ts","47","admin_jobs_csv_file","CSV File","英語UI寄り","CSVファイル。","translate",""
"P1","Jobs","packages/ar-admin-ui/src/i18n/ja/admin-jobs.ts","54","admin_jobs_csv_header","CSV Header","英語UI寄り","CSVヘッダー。","translate",""
"P1","Jobs","packages/ar-admin-ui/src/i18n/ja/admin-jobs.ts","96","admin_jobs_unknown_error","Unknown error","英語UIのまま","不明なエラー。","translate",""
"P1","Policies","packages/ar-admin-ui/src/i18n/ja/admin-policies.ts","2","admin_policies_head_title","Policy Rules - Authrim Admin","英語UIのまま","ポリシールール - Authrim Admin。","translate",""
"P1","Policies","packages/ar-admin-ui/src/i18n/ja/admin-policies.ts","3","admin_policies_title","Policy Rules","英語UIのまま","ポリシールール。","translate",""
"P1","Policies","packages/ar-admin-ui/src/i18n/ja/admin-policies.ts","7","admin_policies_create_policy","Policyを作成","英日混在","ポリシーを作成。","translate",""
"P1","Policies","packages/ar-admin-ui/src/i18n/ja/admin-policies.ts","8","admin_policies_custom_rules","Custom Policy Rules","英語UIのまま","カスタムポリシールール。","translate",""
"P1","Policies","packages/ar-admin-ui/src/i18n/ja/admin-policies.ts","18","admin_policies_search_placeholder","Policyを検索...","英日混在","ポリシーを検索...。","translate",""
"P1","Policies","packages/ar-admin-ui/src/i18n/ja/admin-policies.ts","32","admin_policies_resources_label","Resources:","英語UIのまま","リソース:。","translate",""
"P1","Policies","packages/ar-admin-ui/src/i18n/ja/admin-policies.ts","33","admin_policies_actions_label","Actions:","英語UIのまま","操作: または アクション:。","decide",""
"P1","Policies","packages/ar-admin-ui/src/i18n/ja/admin-policies.ts","34","admin_policies_conditions_label","Conditions:","英語UIのまま","条件:。","translate",""
"P1","Policies","packages/ar-admin-ui/src/i18n/ja/admin-policies.ts","68","admin_policies_simulator_title","Policy Simulator","英語UIのまま","ポリシーシミュレーター。","translate",""
"P1","Policies","packages/ar-admin-ui/src/i18n/ja/admin-policies.ts","84","admin_policies_reason_label","Reason:","英語UIのまま","理由:。","translate",""
"P1","Policies","packages/ar-admin-ui/src/i18n/ja/admin-policies.ts","85","admin_policies_decided_by_label","Decided by:","英語UIのまま","判定元:。","translate",""
"P1","Policies","packages/ar-admin-ui/src/i18n/ja/admin-policies.ts","126","admin_policies_type_request_count_lt","Request countが未満","英日混在","リクエスト数が未満。","translate",""
"P1","Policies","packages/ar-admin-ui/src/i18n/ja/admin-policies.ts","155","admin_policies_param_role","Role","英語UIのまま","ロール。","translate",""
"P1","Policies","packages/ar-admin-ui/src/i18n/ja/admin-policies.ts","158","admin_policies_param_attribute","Attribute","英語UIのまま","属性。","translate",""
"P1","Policies","packages/ar-admin-ui/src/i18n/ja/admin-policies.ts","161","admin_policies_param_start_hour","Start hour","英語UIのまま","開始時刻。","translate",""
"P1","Policies","packages/ar-admin-ui/src/i18n/ja/admin-policies.ts","166","admin_policies_param_countries","Countries","英語UIのまま","国。","translate",""
"P1","Scale","packages/ar-admin-ui/src/i18n/ja/admin-scale.ts","8","admin_scale_shards_unit_title","{count} Shards","英語UI寄り","{count} shards のままでも可。UIなら {count} シャード。","decide",""
"P1","Scale","packages/ar-admin-ui/src/i18n/ja/admin-scale.ts","9","admin_scale_login_per_sec","(~{count} Login/sec)","英語UI寄り","(~{count} ログイン/秒) または LPSとして残す。","decide",""
"P1","Scale","packages/ar-admin-ui/src/i18n/ja/admin-scale.ts","19","admin_scale_request_routing_ratio","request routing ratio","英語UIのまま","リクエストルーティング比率。","translate",""
"P1","Scale","packages/ar-admin-ui/src/i18n/ja/admin-scale.ts","20","admin_scale_slider_note","Note: 1つのsliderを調整すると、他の値は自動で再配分されます。","英日混在","注: 1つのスライダーを調整すると、他の値は自動で再配分されます。","translate",""
"P1","Scale","packages/ar-admin-ui/src/i18n/ja/admin-scale.ts","25","admin_scale_client_based_coefficient","Client-based coefficient","英語UIのまま","クライアントベース係数。","translate",""
"P1","Scale","packages/ar-admin-ui/src/i18n/ja/admin-scale.ts","49","admin_scale_map_traffic_flow","Traffic Flow","英語UIのまま","トラフィックフロー。","translate",""
"P1","Identity Mapping","packages/ar-admin-ui/src/i18n/ja/admin-identity-mapping.ts","7","admin_identity_mapping_description","グラフを変更せずに、source profile、正規化されたIDターゲット、destination projectionを確認します。","英日混在","Source/Destinationを残す方針なら許容。そうでなければソースプロファイル/宛先プロジェクションに統一。","decide",""
"P1","Identity Mapping","packages/ar-admin-ui/src/i18n/ja/admin-identity-mapping.ts","33","admin_identity_mapping_editor_description","登録済みsource profileとdestination profileに対して、source mappingとdestination release projectionを編集します。","英日混在","用語表に従って統一。","decide",""
"P1","Identity Mapping","packages/ar-admin-ui/src/i18n/ja/admin-identity-mapping.ts","38","admin_identity_mapping_editor_profile_selector_aria","マッピング編集プロファイルセレクター","やや不自然","マッピング編集用プロファイルセレクター。","translate",""
"P1","Identity Mapping","packages/ar-admin-ui/src/i18n/ja/admin-identity-mapping.ts","57","admin_identity_mapping_editor_side_not_selected","side未選択","英日混在","サイド未選択 または 側未選択。","translate",""
"P1","Identity Mapping","packages/ar-admin-ui/src/i18n/ja/admin-identity-mapping.ts","60","admin_identity_mapping_editor_loading_control_plane","control planeを読み込み中","英日混在","コントロールプレーンを読み込み中。","translate",""
"P1","Identity Mapping","packages/ar-admin-ui/src/i18n/ja/admin-identity-mapping.ts","74","admin_identity_mapping_editor_no_active_catalog","このポリシーを準備するためのactive catalog versionがありません","英日混在","このポリシーを準備するための有効なカタログバージョンがありません。","translate",""
"P1","Identity Mapping","packages/ar-admin-ui/src/i18n/ja/admin-identity-mapping.ts","93","admin_identity_mapping_editor_created_description","Admin UI Flow Editorから作成された下書きポリシーセットです。","Flow保留/英日混在","Flow保留なら現状維持可。","keep",""
"P1","Identity Mapping","packages/ar-admin-ui/src/i18n/ja/admin-identity-mapping.ts","99","admin_identity_mapping_profiles_description","CSVファイルまたは手動のカラム定義からsource profileを登録し、Flow Editorで選択します。...","英日混在/Flow保留","Flow保留なら後回し。source profileなどは用語表に従う。","decide",""
"P1","Identity Mapping","packages/ar-admin-ui/src/i18n/ja/admin-identity-mapping.ts","128","admin_identity_mapping_resolution_description","...同意blocker、...activation blockerを解決します。","英日混在","blockerをブロッカーに寄せる。","translate",""
"P1","Identity Mapping","packages/ar-admin-ui/src/i18n/ja/admin-identity-mapping.ts","173","admin_identity_mapping_resolution_fallback_missing_impact","profile ownerがtargetを確認するまで、OIDC destinationプレビューはclaimを省略します。","英日混在が強い","プロファイル所有者がターゲットを確認するまで、OIDC宛先プレビューではclaimを省略します。claimは技術用語なら残す。","decide",""
"P1","Identity Mapping","packages/ar-admin-ui/src/i18n/ja/admin-identity-mapping.ts","244","admin_identity_mapping_profile_edit_source_description","CSVファイルまたは手動のカラム定義からsource profileを登録します。","英日混在","ソースプロファイルを登録します、またはsource profileを正式用語として残す。","decide",""
"P1","Identity Mapping","packages/ar-admin-ui/src/i18n/ja/admin-identity-mapping.ts","396","admin_identity_mapping_profile_edit_attribute_registry","Attribute Registry","英語UIのまま","属性レジストリ。","translate",""
"P1","Identity Mapping","packages/ar-admin-ui/src/i18n/ja/admin-identity-mapping.ts","397","admin_identity_mapping_profile_edit_groups_and_fields","Groups and fields","英語UIのまま","グループとフィールド。","translate",""
"P1","Identity Mapping","packages/ar-admin-ui/src/i18n/ja/admin-identity-mapping.ts","398","admin_identity_mapping_profile_edit_attribute_group","Attribute group","英語UIのまま","属性グループ。","translate",""
"P1","Identity Mapping","packages/ar-admin-ui/src/i18n/ja/admin-identity-mapping.ts","409","admin_identity_mapping_profile_edit_attribute_field","Attribute field","英語UIのまま","属性フィールド。","translate",""
"P1","Identity Mapping","packages/ar-admin-ui/src/i18n/ja/admin-identity-mapping.ts","422","admin_identity_mapping_profile_edit_template_attribute_preview_aria","Template attribute preview","英語UIのまま","テンプレート属性プレビュー。template文言をデータ扱いで残すか判断。","decide",""
"P1","Identity Mapping","packages/ar-admin-ui/src/i18n/ja/admin-identity-mapping.ts","478","admin_identity_mapping_flow_view_mode_aria","Flow view mode","Flow保留/英語","Flow保留なら現状維持可。","keep",""
"P1","Identity Mapping","packages/ar-admin-ui/src/i18n/ja/admin-identity-mapping.ts","599","admin_identity_mapping_flow_transform_param_null_handling","Null handling","英語UI寄り","Null処理 または null処理。","translate",""
"P1","Identity Mapping","packages/ar-admin-ui/src/i18n/ja/admin-identity-mapping.ts","611","admin_identity_mapping_flow_nullable","Nullable","英語UI寄り","Nullableを正式用語として残すか、null許可にする。","decide",""
"P1","Identity Mapping","packages/ar-admin-ui/src/i18n/ja/admin-identity-mapping.ts","651","admin_identity_mapping_flow_target","Target","英語UIのまま","ターゲット。","translate",""
"P1","SAML","packages/ar-admin-ui/src/i18n/ja/admin-saml.ts","42","admin_saml_local_page_title","SAML Entity Info - 管理ダッシュボード - Authrim","英語UI寄り","SAMLエンティティ情報 - Authrim Admin。","translate",""
"P1","SAML","packages/ar-admin-ui/src/i18n/ja/admin-saml.ts","43","admin_saml_local_title","SAML Entity Info","英語UI寄り","SAMLエンティティ情報。","translate",""
"P1","SAML","packages/ar-admin-ui/src/i18n/ja/admin-saml.ts","73","admin_saml_local_endpoint_references","Endpoint参照","英日混在","エンドポイント参照。","translate",""
"P1","SAML","packages/ar-admin-ui/src/i18n/ja/admin-saml.ts","87","admin_saml_local_valid_from","Valid From","英語UIのまま","有効開始。","translate",""
"P1","SAML","packages/ar-admin-ui/src/i18n/ja/admin-saml.ts","88","admin_saml_local_valid_to","Valid To","英語UIのまま","有効期限。","translate",""
"P1","SAML","packages/ar-admin-ui/src/i18n/ja/admin-saml.ts","89","admin_saml_local_signature","Signature","英語UIのまま","署名。","translate",""
"P1","SAML","packages/ar-admin-ui/src/i18n/ja/admin-saml.ts","90","admin_saml_local_public_key","Public Key","英語UIのまま","公開鍵。","translate",""
"P1","SAML","packages/ar-admin-ui/src/i18n/ja/admin-saml.ts","100","admin_saml_local_role_url","Role URL","英語UI寄り","ロールURL。role URLを正式用語にするなら残す。","decide",""
"P1","SAML","packages/ar-admin-ui/src/i18n/ja/admin-saml.ts","171","admin_saml_local_signing_rollover","Signing Rollover","英語UIのまま","署名鍵ロールオーバー。","translate",""
"P1","SAML","packages/ar-admin-ui/src/i18n/ja/admin-saml.ts","185","admin_saml_detail_page_title_fallback","SAML Provider","英語UI寄り","SAMLプロバイダー。","translate",""
"P1","SAML","packages/ar-admin-ui/src/i18n/ja/admin-saml.ts","225","admin_saml_detail_attribute_mapping_json","Attribute Mapping JSON","英語UI寄り","属性マッピングJSON。","translate",""
"P1","SAML","packages/ar-admin-ui/src/i18n/ja/admin-saml.ts","231","admin_saml_detail_sp_login_policy","SP Login Policy","英語UI寄り","SPログインポリシー。","translate",""
"P1","SAML","packages/ar-admin-ui/src/i18n/ja/admin-saml.ts","245","admin_saml_detail_authn_context_policy","AuthnContext Policy","英語UI寄り","AuthnContextポリシー。技術語なのでAuthnContextは残す。","translate",""
"P1","SAML","packages/ar-admin-ui/src/i18n/ja/admin-saml.ts","301","admin_saml_new_page_title","新規SAML Provider/Federation - 管理ダッシュボード - Authrim","英日混在","新規SAMLプロバイダー/Federation - Authrim Admin。Federationを残すか判断。","decide",""
"P1","Tenant Discovery","packages/ar-admin-ui/src/i18n/ja/admin-tenant-discovery.ts","2","admin_tenant_discovery_head_title","Tenant Discovery - Authrim Admin","英語UIのまま","テナント検出 - Authrim Admin。","translate",""
"P1","Tenant Discovery","packages/ar-admin-ui/src/i18n/ja/admin-tenant-discovery.ts","3","admin_tenant_discovery_title","Tenant Discovery","英語UIのまま","テナント検出。","translate",""
"P1","Tenant Discovery","packages/ar-admin-ui/src/i18n/ja/admin-tenant-discovery.ts","7","admin_tenant_discovery_description","Tenant resolutionの動作を設定し、discovery screenをカスタマイズします。","英日混在","テナント解決の動作を設定し、検出画面をカスタマイズします。","translate",""
"P1","Tenant Discovery","packages/ar-admin-ui/src/i18n/ja/admin-tenant-discovery.ts","21","admin_tenant_discovery_entry_mode_tenant_only","Tenant-specific entry only","英語UIのまま","テナント専用エントリのみ。","translate",""
"P1","Tenant Discovery","packages/ar-admin-ui/src/i18n/ja/admin-tenant-discovery.ts","57","admin_tenant_discovery_selection_policy","Selection Policy","英語UIのまま","選択ポリシー。","translate",""
"P1","Tenant Discovery","packages/ar-admin-ui/src/i18n/ja/admin-tenant-discovery.ts","111","admin_tenant_discovery_skip_if_one","Tenantが1件だけならdiscoveryをskip","英日混在","テナントが1件だけなら検出をスキップ。","translate",""
"P1","Clients","packages/ar-admin-ui/src/i18n/ja/admin-clients.ts","32","admin_clients_grant_client_credentials","Client Credentials","技術語/英語UI","OAuth grant typeとして残してよい。","keep",""
"P1","Clients","packages/ar-admin-ui/src/i18n/ja/admin-clients.ts","52","admin_client_detail_page_title_fallback","Client","英語UIのまま","クライアント。","translate",""
"P1","Clients","packages/ar-admin-ui/src/i18n/ja/admin-clients.ts","65","admin_client_detail_show_advanced","Advanced Settingsを表示","英日混在","詳細設定を表示。","translate",""
"P1","Clients","packages/ar-admin-ui/src/i18n/ja/admin-clients.ts","67","admin_client_detail_tab_general","General","英語UIのまま","一般。","translate",""
"P1","Clients","packages/ar-admin-ui/src/i18n/ja/admin-clients.ts","68","admin_client_detail_tab_tokens","Tokens","英語UIのまま","トークン。","translate",""
"P1","Clients","packages/ar-admin-ui/src/i18n/ja/admin-clients.ts","69","admin_client_detail_tab_security","Security","英語UIのまま","セキュリティ。","translate",""
"P1","Clients","packages/ar-admin-ui/src/i18n/ja/admin-clients.ts","73","admin_client_detail_tab_metadata","Client Metadata","英語UI寄り","クライアントメタデータ。","translate",""
"P1","Clients","packages/ar-admin-ui/src/i18n/ja/admin-clients.ts","88","admin_client_detail_public_client","Public Client","英語UI寄り","公開クライアント。","translate",""
"P1","Diagnostic Logging","packages/ar-admin-ui/src/i18n/ja/admin-diagnostic-logging.ts","2","admin_diagnostic_logging_page_title","診断ログ - Admin Dashboard - Authrim","英日混在","診断ログ - Authrim Admin。","translate",""
"P1","Diagnostic Logging","packages/ar-admin-ui/src/i18n/ja/admin-diagnostic-logging.ts","8","admin_diagnostic_logging_tab_storage","Storage","英語UIのまま","ストレージ。","translate",""
"P1","Diagnostic Logging","packages/ar-admin-ui/src/i18n/ja/admin-diagnostic-logging.ts","16","admin_diagnostic_logging_storage_destination_updated","Storage destinationを更新しました。","英日混在","ストレージ保存先を更新しました。","translate",""
"P1","Diagnostic Logging","packages/ar-admin-ui/src/i18n/ja/admin-diagnostic-logging.ts","101","admin_diagnostic_logging_storage_mode","Storage Mode","英語UIのまま","ストレージモード。","translate",""
"P2","Keep technical term","overall","","OIDC / SAML / JWT / JSON / URL / URI","各画面で英語のまま","翻訳不要候補","標準プロトコル/フォーマット略語として残す。","keep",""
"P2","Keep technical term","overall","","Client ID / Client Secret / entityID / issuer / scope / claim","各画面で英語のまま","翻訳不要候補","仕様用語・入力値名として残してよい。必要ならラベルだけ補足する。","keep",""
"P2","Keep data value","overall","","template/catalog由来のdisplayName/description","テンプレートやカタログの説明文","翻訳不要候補","契約/カタログデータとして扱い、UI翻訳対象から外す。","keep",""
"P2","Style","overall","","読み込めませんでした / 読み込みに失敗しました","文体が混在","文体統一","エラー文は「〜の読み込みに失敗しました」に統一すると管理UIらしい。","decide",""
"P2","Style","overall","","です/ます と 名詞止め","文体が混在","文体統一","説明文はです/ます、短いラベルは名詞止めに統一。","decide",""
"P2","Style","overall","","... と …","省略記号が混在","表記統一","既存UIに合わせる。日本語UIなら「...」でも可。","decide",""
